{"cameraMode":{"drawMode":24,"name":"Light Overlap","section":"Baked Global Illumination"},"sceneLighting":false,"audioPlay":false,"sceneViewState":{"m_AlwaysRefresh":false,"showFog":true,"showSkybox":false,"showFlares":true,"showImageEffects":true,"showParticleSystems":true,"showVisualEffectGraphs":true,"m_FxEnabled":true},"in2DMode":false,"pivot":{"x":-0.014715820550918579,"y":0.025434866547584535,"z":-0.005531370639801025},"rotation":{"x":-0.09566504508256912,"y":0.8938567638397217,"z":-0.2290102243423462,"w":-0.3733932375907898},"size":0.19868938624858857,"orthographic":false}